[
    {
        "id": "podcast1",
        "title": "The Daily",
        "host": "The New York Times",
        "description": "This is how the news should sound. Twenty minutes a day, five days a week, hosted by Michael Barbaro and Sabrina Tavernise and produced by The New York Times, The Daily delivers the biggest stories of our time, told by the best journalists in the world.",
        "imageUrl": "https://upload.wikimedia.org/wikipedia/commons/thumb/1/1a/The_Daily_podcast_logo.png/600px-The_Daily_podcast_logo.png",
        "episodes": [
            {
                "id": "ep1",
                "title": "Anatomy of a Bank Collapse",
                "audioUrl": "http://example.com/audio/daily_ep1.mp3",
                "youtubeVideoId": "dQw4w9WgXcQ"
            },
            {
                "id": "ep2",
                "title": "The Future of AI",
                "audioUrl": "http://example.com/audio/daily_ep2.mp3",
                "youtubeVideoId": "dQw4w9WgXcQ"
            }
        ]
    },
    {
        "id": "podcast2",
        "title": "Stuff You Should Know",
        "host": "iHeartRadio",
        "description": "Join Josh and Chuck as they explore the interesting stories behind common things. With a library of over a thousand episodes, there's always something new to learn.",
        "imageUrl": "https://i.scdn.co/image/ab67656300005f1f74dd7e7b51b3a531e2170364",
        "episodes": [
            {
                "id": "ep3",
                "title": "How Lock Picking Works",
                "audioUrl": "http://example.com/audio/sysk_ep3.mp3",
                "youtubeVideoId": "dQw4w9WgXcQ"
            },
            {
                "id": "ep4",
                "title": "The History of Coffee",
                "audioUrl": "http://example.com/audio/sysk_ep4.mp3",
                "youtubeVideoId": "dQw4w9WgXcQ"
            }
        ]
    },
    {
        "id": "podcast3",
        "title": "Ted Talks Daily",
        "host": "TED",
        "description": "Every weekday, TED Talks Daily brings you the latest talks in audio. Host Elise Hu and TED speakers explore big ideas on every subject imaginable, from artificial intelligence to zoology, and everything in between.",
        "imageUrl": "https://i.scdn.co/image/ab67656300005f1f0a1e38953158fdfd42d54e47",
        "episodes": [
            {
                "id": "ep5",
                "title": "The Power of Vulnerability",
                "audioUrl": "http://example.com/audio/ted_ep5.mp3",
                "youtubeVideoId": "dQw4w9WgXcQ"
            },
            {
                "id": "ep6",
                "title": "How Great Leaders Inspire Action",
                "audioUrl": "http://example.com/audio/ted_ep6.mp3",
                "youtubeVideoId": "dQw4w9WgXcQ"
            }
        ]
    }
]
