{
    "happy": [
        {
            "title": "Happy - Pharrell Williams",
            "artist": "Pharrell Williams",
            "youtubeId": "ZbZSe6N_BXs"
        },
        {
            "title": "Udd Gaye",
            "artist": "Ritviz",
            "youtubeId": "pXRviuL6vMY"
        }
    ],
    "sad": [
        {
            "title": "Someone Like You",
            "artist": "Adele",
            "youtubeId": "hLQl3WQQoQ0"
        },
        {
            "title": "Channa Mereya",
            "artist": "Arijit Singh",
            "youtubeId": "284Ov7ysmfA"
        }
    ],
    "energetic": [
        {
            "title": "Believer",
            "artist": "Imagine Dragons",
            "youtubeId": "7wtfhZwyrcc"
        },
        {
            "title": "Zinda",
            "artist": "Siddharth Mahadevan",
            "youtubeId": "Mdr08fCSYig"
        }
    ],
    "chill": [
        {
            "title": "lofi hip hop radio - beats to relax/study to",
            "artist": "Lofi Girl",
            "youtubeId": "jfKfPfyJRdk"
        },
        {
            "title": "Khaabon Ke Parinday",
            "artist": "Shankar-Ehsaan-Loy",
            "youtubeId": "nD1X3x4h2o0"
        }
    ],
    "romantic": [
        {
            "title": "Perfect",
            "artist": "Ed Sheeran",
            "youtubeId": "2Vv-BfVoq4g"
        },
        {
            "title": "Raabta",
            "artist": "Arijit Singh",
            "youtubeId": "vLZ5cxS9OGo"
        }
    ]
}